"0,09/17/1908,17:18,""Fort Myer, Virginia"",Military - U.S. Army,,Demonstration,Wright Flyer III,,1,2.0,1.0,0.0,""During a demonstration flight, a U.S. Army flyer flown by Orville Wright nose-dived into the ground from a height of approximately 75 feet, killing Lt. Thomas E. Selfridge who was a passenger. This was the first recorded airplane fatality in history.  One of two propellers separated in flight, tearing loose the wires bracing the rudder and causing the loss of control of the aircraft.  Orville Wright suffered broken ribs, pelvis and a leg.  Selfridge suffered a crushed skull and died a short time later."""
"1,07/12/1912,06:30,""AtlantiCity, New Jersey"",Military - U.S. Navy,,Test flight,Dirigible,,,5.0,5.0,0.0,""First U.S. dirigible Akron exploded just offshore at an altitude of 1,000 ft. during a test flight."""
"2,08/06/1913,,""Victoria, British Columbia, Canada"",Private,-,,Curtiss seaplane,,,1.0,1.0,0.0,""The first fatal airplane accident in Canada occurred when American barnstormer, John M. Bryant, California aviator was killed."""
3,09/09/1913,18:30,Over the North Sea,Military - German Navy,,,Zeppelin L-1 (airship),,,20.0,14.0,0.0,The airship flew into a thunderstorm and encountered a severe downdraft crashing 20 miles north of Helgoland Island into the sea. The ship broke in two and the control car immediately sank drowning its occupants.
"4,10/17/1913,10:30,""Near Johannisthal, Germany"",Military - German Navy,,,Zeppelin L-2 (airship),,,30.0,30.0,0.0,""Hydrogen gas which was being vented was sucked into the forward engine and ignited causing the airship to explode and burn at 3,000 ft.."""
"5,03/05/1915,01:00,""Tienen, Belgium"",Military - German Navy,,,Zeppelin L-8 (airship),,,41.0,21.0,0.0,Crashed into trees while attempting to land after being shot down by British and French aircraft."
"6,09/03/1915,15:20,""Off Cuxhaven, Germany"",Military - German Navy,,,Zeppelin L-10 (airship),,,19.0,19.0,0.0,""Exploded and burned near Neuwerk Island,  when hydrogen gas, being vented, was ignited by lightning."""
"7,07/28/1916,,""Near Jambol, Bulgeria"",Military - German Army,,,Schutte-Lanz S-L-10 (airship),,,20.0,20.0,0.0,""Crashed near the Black Sea, cause unknown."""
"8,09/24/1916,01:00,""Billericay, England"",Military - German Navy,,,Zeppelin L-32 (airship),,,22.0,22.0,0.0,Shot down by British aircraft crashing in flames."
"0,09/17/1908,17:18,""Fort Myer, Virginia"",Military - U.S. Army,,Demonstration,Wright Flyer III,,1,2.0,1.0,0.0,""During a demonstration flight, a U.S. Army flyer flown by Orville Wright nose-dived into the ground from a height of approximately 75 feet, killing Lt. Thomas E. Selfridge who was a passenger. This was the first recorded airplane fatality in history.  One of two propellers separated in flight, tearing loose the wires bracing the rudder and causing the loss of control of the aircraft.  Orville Wright suffered broken ribs, pelvis and a leg.  Selfridge suffered a crushed skull and died a short time later."""
"1,07/12/1912,06:30,""AtlantiCity, New Jersey"",Military - U.S. Navy,,Test flight,Dirigible,,,5.0,5.0,0.0,""First U.S. dirigible Akron exploded just offshore at an altitude of 1,000 ft. during a test flight."""
"2,08/06/1913,,""Victoria, British Columbia, Canada"",Private,-,,Curtiss seaplane,,,1.0,1.0,0.0,""The first fatal airplane accident in Canada occurred when American barnstormer, John M. Bryant, California aviator was killed."""
3,09/09/1913,18:30,Over the North Sea,Military - German Navy,,,Zeppelin L-1 (airship),,,20.0,14.0,0.0,The airship flew into a thunderstorm and encountered a severe downdraft crashing 20 miles north of Helgoland Island into the sea. The ship broke in two and the control car immediately sank drowning its occupants.
"4,10/17/1913,10:30,""Near Johannisthal, Germany"",Military - German Navy,,,Zeppelin L-2 (airship),,,30.0,30.0,0.0,""Hydrogen gas which was being vented was sucked into the forward engine and ignited causing the airship to explode and burn at 3,000 ft.."""
"5,03/05/1915,01:00,""Tienen, Belgium"",Military - German Navy,,,Zeppelin L-8 (airship),,,41.0,21.0,0.0,Crashed into trees while attempting to land after being shot down by British and French aircraft."
"6,09/03/1915,15:20,""Off Cuxhaven, Germany"",Military - German Navy,,,Zeppelin L-10 (airship),,,19.0,19.0,0.0,""Exploded and burned near Neuwerk Island,  when hydrogen gas, being vented, was ignited by lightning."""
"7,07/28/1916,,""Near Jambol, Bulgeria"",Military - German Army,,,Schutte-Lanz S-L-10 (airship),,,20.0,20.0,0.0,""Crashed near the Black Sea, cause unknown."""
"8,09/24/1916,01:00,""Billericay, England"",Military - German Navy,,,Zeppelin L-32 (airship),,,22.0,22.0,0.0,Shot down by British aircraft crashing in flames."
"0,09/17/1908,17:18,""Fort Myer, Virginia"",Military - U.S. Army,,Demonstration,Wright Flyer III,,1,2.0,1.0,0.0,""During a demonstration flight, a U.S. Army flyer flown by Orville Wright nose-dived into the ground from a height of approximately 75 feet, killing Lt. Thomas E. Selfridge who was a passenger. This was the first recorded airplane fatality in history.  One of two propellers separated in flight, tearing loose the wires bracing the rudder and causing the loss of control of the aircraft.  Orville Wright suffered broken ribs, pelvis and a leg.  Selfridge suffered a crushed skull and died a short time later."""
"1,07/12/1912,06:30,""AtlantiCity, New Jersey"",Military - U.S. Navy,,Test flight,Dirigible,,,5.0,5.0,0.0,""First U.S. dirigible Akron exploded just offshore at an altitude of 1,000 ft. during a test flight."""
"2,08/06/1913,,""Victoria, British Columbia, Canada"",Private,-,,Curtiss seaplane,,,1.0,1.0,0.0,""The first fatal airplane accident in Canada occurred when American barnstormer, John M. Bryant, California aviator was killed."""
3,09/09/1913,18:30,Over the North Sea,Military - German Navy,,,Zeppelin L-1 (airship),,,20.0,14.0,0.0,The airship flew into a thunderstorm and encountered a severe downdraft crashing 20 miles north of Helgoland Island into the sea. The ship broke in two and the control car immediately sank drowning its occupants.
"4,10/17/1913,10:30,""Near Johannisthal, Germany"",Military - German Navy,,,Zeppelin L-2 (airship),,,30.0,30.0,0.0,""Hydrogen gas which was being vented was sucked into the forward engine and ignited causing the airship to explode and burn at 3,000 ft.."""
"5,03/05/1915,01:00,""Tienen, Belgium"",Military - German Navy,,,Zeppelin L-8 (airship),,,41.0,21.0,0.0,Crashed into trees while attempting to land after being shot down by British and French aircraft."
"6,09/03/1915,15:20,""Off Cuxhaven, Germany"",Military - German Navy,,,Zeppelin L-10 (airship),,,19.0,19.0,0.0,""Exploded and burned near Neuwerk Island,  when hydrogen gas, being vented, was ignited by lightning."""
"7,07/28/1916,,""Near Jambol, Bulgeria"",Military - German Army,,,Schutte-Lanz S-L-10 (airship),,,20.0,20.0,0.0,""Crashed near the Black Sea, cause unknown."""
"8,09/24/1916,01:00,""Billericay, England"",Military - German Navy,,,Zeppelin L-32 (airship),,,22.0,22.0,0.0,Shot down by British aircraft crashing in flames."
"0,09/17/1908,17:18,""Fort Myer, Virginia"",Military - U.S. Army,,Demonstration,Wright Flyer III,,1,2.0,1.0,0.0,""During a demonstration flight, a U.S. Army flyer flown by Orville Wright nose-dived into the ground from a height of approximately 75 feet, killing Lt. Thomas E. Selfridge who was a passenger. This was the first recorded airplane fatality in history.  One of two propellers separated in flight, tearing loose the wires bracing the rudder and causing the loss of control of the aircraft.  Orville Wright suffered broken ribs, pelvis and a leg.  Selfridge suffered a crushed skull and died a short time later."""
"1,07/12/1912,06:30,""AtlantiCity, New Jersey"",Military - U.S. Navy,,Test flight,Dirigible,,,5.0,5.0,0.0,""First U.S. dirigible Akron exploded just offshore at an altitude of 1,000 ft. during a test flight."""
"2,08/06/1913,,""Victoria, British Columbia, Canada"",Private,-,,Curtiss seaplane,,,1.0,1.0,0.0,""The first fatal airplane accident in Canada occurred when American barnstormer, John M. Bryant, California aviator was killed."""
3,09/09/1913,18:30,Over the North Sea,Military - German Navy,,,Zeppelin L-1 (airship),,,20.0,14.0,0.0,The airship flew into a thunderstorm and encountered a severe downdraft crashing 20 miles north of Helgoland Island into the sea. The ship broke in two and the control car immediately sank drowning its occupants.
"4,10/17/1913,10:30,""Near Johannisthal, Germany"",Military - German Navy,,,Zeppelin L-2 (airship),,,30.0,30.0,0.0,""Hydrogen gas which was being vented was sucked into the forward engine and ignited causing the airship to explode and burn at 3,000 ft.."""
"5,03/05/1915,01:00,""Tienen, Belgium"",Military - German Navy,,,Zeppelin L-8 (airship),,,41.0,21.0,0.0,Crashed into trees while attempting to land after being shot down by British and French aircraft."
"6,09/03/1915,15:20,""Off Cuxhaven, Germany"",Military - German Navy,,,Zeppelin L-10 (airship),,,19.0,19.0,0.0,""Exploded and burned near Neuwerk Island,  when hydrogen gas, being vented, was ignited by lightning."""
"7,07/28/1916,,""Near Jambol, Bulgeria"",Military - German Army,,,Schutte-Lanz S-L-10 (airship),,,20.0,20.0,0.0,""Crashed near the Black Sea, cause unknown."""
"8,09/24/1916,01:00,""Billericay, England"",Military - German Navy,,,Zeppelin L-32 (airship),,,22.0,22.0,0.0,Shot down by British aircraft crashing in flames."
"0,09/17/1908,17:18,""Fort Myer, Virginia"",Military - U.S. Army,,Demonstration,Wright Flyer III,,1,2.0,1.0,0.0,""During a demonstration flight, a U.S. Army flyer flown by Orville Wright nose-dived into the ground from a height of approximately 75 feet, killing Lt. Thomas E. Selfridge who was a passenger. This was the first recorded airplane fatality in history.  One of two propellers separated in flight, tearing loose the wires bracing the rudder and causing the loss of control of the aircraft.  Orville Wright suffered broken ribs, pelvis and a leg.  Selfridge suffered a crushed skull and died a short time later."""
"1,07/12/1912,06:30,""AtlantiCity, New Jersey"",Military - U.S. Navy,,Test flight,Dirigible,,,5.0,5.0,0.0,""First U.S. dirigible Akron exploded just offshore at an altitude of 1,000 ft. during a test flight."""
"2,08/06/1913,,""Victoria, British Columbia, Canada"",Private,-,,Curtiss seaplane,,,1.0,1.0,0.0,""The first fatal airplane accident in Canada occurred when American barnstormer, John M. Bryant, California aviator was killed."""
3,09/09/1913,18:30,Over the North Sea,Military - German Navy,,,Zeppelin L-1 (airship),,,20.0,14.0,0.0,The airship flew into a thunderstorm and encountered a severe downdraft crashing 20 miles north of Helgoland Island into the sea. The ship broke in two and the control car immediately sank drowning its occupants.
"4,10/17/1913,10:30,""Near Johannisthal, Germany"",Military - German Navy,,,Zeppelin L-2 (airship),,,30.0,30.0,0.0,""Hydrogen gas which was being vented was sucked into the forward engine and ignited causing the airship to explode and burn at 3,000 ft.."""
"5,03/05/1915,01:00,""Tienen, Belgium"",Military - German Navy,,,Zeppelin L-8 (airship),,,41.0,21.0,0.0,Crashed into trees while attempting to land after being shot down by British and French aircraft."
"6,09/03/1915,15:20,""Off Cuxhaven, Germany"",Military - German Navy,,,Zeppelin L-10 (airship),,,19.0,19.0,0.0,""Exploded and burned near Neuwerk Island,  when hydrogen gas, being vented, was ignited by lightning."""
"7,07/28/1916,,""Near Jambol, Bulgeria"",Military - German Army,,,Schutte-Lanz S-L-10 (airship),,,20.0,20.0,0.0,""Crashed near the Black Sea, cause unknown."""
"8,09/24/1916,01:00,""Billericay, England"",Military - German Navy,,,Zeppelin L-32 (airship),,,22.0,22.0,0.0,Shot down by British aircraft crashing in flames."
"0,09/17/1908,17:18,""Fort Myer, Virginia"",Military - U.S. Army,,Demonstration,Wright Flyer III,,1,2.0,1.0,0.0,""During a demonstration flight, a U.S. Army flyer flown by Orville Wright nose-dived into the ground from a height of approximately 75 feet, killing Lt. Thomas E. Selfridge who was a passenger. This was the first recorded airplane fatality in history.  One of two propellers separated in flight, tearing loose the wires bracing the rudder and causing the loss of control of the aircraft.  Orville Wright suffered broken ribs, pelvis and a leg.  Selfridge suffered a crushed skull and died a short time later."""
"1,07/12/1912,06:30,""AtlantiCity, New Jersey"",Military - U.S. Navy,,Test flight,Dirigible,,,5.0,5.0,0.0,""First U.S. dirigible Akron exploded just offshore at an altitude of 1,000 ft. during a test flight."""
"2,08/06/1913,,""Victoria, British Columbia, Canada"",Private,-,,Curtiss seaplane,,,1.0,1.0,0.0,""The first fatal airplane accident in Canada occurred when American barnstormer, John M. Bryant, California aviator was killed."""
3,09/09/1913,18:30,Over the North Sea,Military - German Navy,,,Zeppelin L-1 (airship),,,20.0,14.0,0.0,The airship flew into a thunderstorm and encountered a severe downdraft crashing 20 miles north of Helgoland Island into the sea. The ship broke in two and the control car immediately sank drowning its occupants.
"4,10/17/1913,10:30,""Near Johannisthal, Germany"",Military - German Navy,,,Zeppelin L-2 (airship),,,30.0,30.0,0.0,""Hydrogen gas which was being vented was sucked into the forward engine and ignited causing the airship to explode and burn at 3,000 ft.."""
"5,03/05/1915,01:00,""Tienen, Belgium"",Military - German Navy,,,Zeppelin L-8 (airship),,,41.0,21.0,0.0,Crashed into trees while attempting to land after being shot down by British and French aircraft."
"6,09/03/1915,15:20,""Off Cuxhaven, Germany"",Military - German Navy,,,Zeppelin L-10 (airship),,,19.0,19.0,0.0,""Exploded and burned near Neuwerk Island,  when hydrogen gas, being vented, was ignited by lightning."""
"7,07/28/1916,,""Near Jambol, Bulgeria"",Military - German Army,,,Schutte-Lanz S-L-10 (airship),,,20.0,20.0,0.0,""Crashed near the Black Sea, cause unknown."""
"8,09/24/1916,01:00,""Billericay, England"",Military - German Navy,,,Zeppelin L-32 (airship),,,22.0,22.0,0.0,Shot down by British aircraft crashing in flames."
"0,09/17/1908,17:18,""Fort Myer, Virginia"",Military - U.S. Army,,Demonstration,Wright Flyer III,,1,2.0,1.0,0.0,""During a demonstration flight, a U.S. Army flyer flown by Orville Wright nose-dived into the ground from a height of approximately 75 feet, killing Lt. Thomas E. Selfridge who was a passenger. This was the first recorded airplane fatality in history.  One of two propellers separated in flight, tearing loose the wires bracing the rudder and causing the loss of control of the aircraft.  Orville Wright suffered broken ribs, pelvis and a leg.  Selfridge suffered a crushed skull and died a short time later."""
"1,07/12/1912,06:30,""AtlantiCity, New Jersey"",Military - U.S. Navy,,Test flight,Dirigible,,,5.0,5.0,0.0,""First U.S. dirigible Akron exploded just offshore at an altitude of 1,000 ft. during a test flight."""
"2,08/06/1913,,""Victoria, British Columbia, Canada"",Private,-,,Curtiss seaplane,,,1.0,1.0,0.0,""The first fatal airplane accident in Canada occurred when American barnstormer, John M. Bryant, California aviator was killed."""
3,09/09/1913,18:30,Over the North Sea,Military - German Navy,,,Zeppelin L-1 (airship),,,20.0,14.0,0.0,The airship flew into a thunderstorm and encountered a severe downdraft crashing 20 miles north of Helgoland Island into the sea. The ship broke in two and the control car immediately sank drowning its occupants.
"4,10/17/1913,10:30,""Near Johannisthal, Germany"",Military - German Navy,,,Zeppelin L-2 (airship),,,30.0,30.0,0.0,""Hydrogen gas which was being vented was sucked into the forward engine and ignited causing the airship to explode and burn at 3,000 ft.."""
"5,03/05/1915,01:00,""Tienen, Belgium"",Military - German Navy,,,Zeppelin L-8 (airship),,,41.0,21.0,0.0,Crashed into trees while attempting to land after being shot down by British and French aircraft."
"6,09/03/1915,15:20,""Off Cuxhaven, Germany"",Military - German Navy,,,Zeppelin L-10 (airship),,,19.0,19.0,0.0,""Exploded and burned near Neuwerk Island,  when hydrogen gas, being vented, was ignited by lightning."""
"7,07/28/1916,,""Near Jambol, Bulgeria"",Military - German Army,,,Schutte-Lanz S-L-10 (airship),,,20.0,20.0,0.0,""Crashed near the Black Sea, cause unknown."""
"8,09/24/1916,01:00,""Billericay, England"",Military - German Navy,,,Zeppelin L-32 (airship),,,22.0,22.0,0.0,Shot down by British aircraft crashing in flames."
"0,09/17/1908,17:18,""Fort Myer, Virginia"",Military - U.S. Army,,Demonstration,Wright Flyer III,,1,2.0,1.0,0.0,""During a demonstration flight, a U.S. Army flyer flown by Orville Wright nose-dived into the ground from a height of approximately 75 feet, killing Lt. Thomas E. Selfridge who was a passenger. This was the first recorded airplane fatality in history.  One of two propellers separated in flight, tearing loose the wires bracing the rudder and causing the loss of control of the aircraft.  Orville Wright suffered broken ribs, pelvis and a leg.  Selfridge suffered a crushed skull and died a short time later."""
"1,07/12/1912,06:30,""AtlantiCity, New Jersey"",Military - U.S. Navy,,Test flight,Dirigible,,,5.0,5.0,0.0,""First U.S. dirigible Akron exploded just offshore at an altitude of 1,000 ft. during a test flight."""
"2,08/06/1913,,""Victoria, British Columbia, Canada"",Private,-,,Curtiss seaplane,,,1.0,1.0,0.0,""The first fatal airplane accident in Canada occurred when American barnstormer, John M. Bryant, California aviator was killed."""
3,09/09/1913,18:30,Over the North Sea,Military - German Navy,,,Zeppelin L-1 (airship),,,20.0,14.0,0.0,The airship flew into a thunderstorm and encountered a severe downdraft crashing 20 miles north of Helgoland Island into the sea. The ship broke in two and the control car immediately sank drowning its occupants.
"4,10/17/1913,10:30,""Near Johannisthal, Germany"",Military - German Navy,,,Zeppelin L-2 (airship),,,30.0,30.0,0.0,""Hydrogen gas which was being vented was sucked into the forward engine and ignited causing the airship to explode and burn at 3,000 ft.."""
"5,03/05/1915,01:00,""Tienen, Belgium"",Military - German Navy,,,Zeppelin L-8 (airship),,,41.0,21.0,0.0,Crashed into trees while attempting to land after being shot down by British and French aircraft."
"6,09/03/1915,15:20,""Off Cuxhaven, Germany"",Military - German Navy,,,Zeppelin L-10 (airship),,,19.0,19.0,0.0,""Exploded and burned near Neuwerk Island,  when hydrogen gas, being vented, was ignited by lightning."""
"7,07/28/1916,,""Near Jambol, Bulgeria"",Military - German Army,,,Schutte-Lanz S-L-10 (airship),,,20.0,20.0,0.0,""Crashed near the Black Sea, cause unknown."""
"8,09/24/1916,01:00,""Billericay, England"",Military - German Navy,,,Zeppelin L-32 (airship),,,22.0,22.0,0.0,Shot down by British aircraft crashing in flames."
"0,09/17/1908,17:18,""Fort Myer, Virginia"",Military - U.S. Army,,Demonstration,Wright Flyer III,,1,2.0,1.0,0.0,""During a demonstration flight, a U.S. Army flyer flown by Orville Wright nose-dived into the ground from a height of approximately 75 feet, killing Lt. Thomas E. Selfridge who was a passenger. This was the first recorded airplane fatality in history.  One of two propellers separated in flight, tearing loose the wires bracing the rudder and causing the loss of control of the aircraft.  Orville Wright suffered broken ribs, pelvis and a leg.  Selfridge suffered a crushed skull and died a short time later."""
"1,07/12/1912,06:30,""AtlantiCity, New Jersey"",Military - U.S. Navy,,Test flight,Dirigible,,,5.0,5.0,0.0,""First U.S. dirigible Akron exploded just offshore at an altitude of 1,000 ft. during a test flight."""
"2,08/06/1913,,""Victoria, British Columbia, Canada"",Private,-,,Curtiss seaplane,,,1.0,1.0,0.0,""The first fatal airplane accident in Canada occurred when American barnstormer, John M. Bryant, California aviator was killed."""
3,09/09/1913,18:30,Over the North Sea,Military - German Navy,,,Zeppelin L-1 (airship),,,20.0,14.0,0.0,The airship flew into a thunderstorm and encountered a severe downdraft crashing 20 miles north of Helgoland Island into the sea. The ship broke in two and the control car immediately sank drowning its occupants.
"4,10/17/1913,10:30,""Near Johannisthal, Germany"",Military - German Navy,,,Zeppelin L-2 (airship),,,30.0,30.0,0.0,""Hydrogen gas which was being vented was sucked into the forward engine and ignited causing the airship to explode and burn at 3,000 ft.."""
"5,03/05/1915,01:00,""Tienen, Belgium"",Military - German Navy,,,Zeppelin L-8 (airship),,,41.0,21.0,0.0,Crashed into trees while attempting to land after being shot down by British and French aircraft."
"6,09/03/1915,15:20,""Off Cuxhaven, Germany"",Military - German Navy,,,Zeppelin L-10 (airship),,,19.0,19.0,0.0,""Exploded and burned near Neuwerk Island,  when hydrogen gas, being vented, was ignited by lightning."""
"7,07/28/1916,,""Near Jambol, Bulgeria"",Military - German Army,,,Schutte-Lanz S-L-10 (airship),,,20.0,20.0,0.0,""Crashed near the Black Sea, cause unknown."""
"8,09/24/1916,01:00,""Billericay, England"",Military - German Navy,,,Zeppelin L-32 (airship),,,22.0,22.0,0.0,Shot down by British aircraft crashing in flames."
"0,09/17/1908,17:18,""Fort Myer, Virginia"",Military - U.S. Army,,Demonstration,Wright Flyer III,,1,2.0,1.0,0.0,""During a demonstration flight, a U.S. Army flyer flown by Orville Wright nose-dived into the ground from a height of approximately 75 feet, killing Lt. Thomas E. Selfridge who was a passenger. This was the first recorded airplane fatality in history.  One of two propellers separated in flight, tearing loose the wires bracing the rudder and causing the loss of control of the aircraft.  Orville Wright suffered broken ribs, pelvis and a leg.  Selfridge suffered a crushed skull and died a short time later."""
"1,07/12/1912,06:30,""AtlantiCity, New Jersey"",Military - U.S. Navy,,Test flight,Dirigible,,,5.0,5.0,0.0,""First U.S. dirigible Akron exploded just offshore at an altitude of 1,000 ft. during a test flight."""
"2,08/06/1913,,""Victoria, British Columbia, Canada"",Private,-,,Curtiss seaplane,,,1.0,1.0,0.0,""The first fatal airplane accident in Canada occurred when American barnstormer, John M. Bryant, California aviator was killed."""
3,09/09/1913,18:30,Over the North Sea,Military - German Navy,,,Zeppelin L-1 (airship),,,20.0,14.0,0.0,The airship flew into a thunderstorm and encountered a severe downdraft crashing 20 miles north of Helgoland Island into the sea. The ship broke in two and the control car immediately sank drowning its occupants.
"4,10/17/1913,10:30,""Near Johannisthal, Germany"",Military - German Navy,,,Zeppelin L-2 (airship),,,30.0,30.0,0.0,""Hydrogen gas which was being vented was sucked into the forward engine and ignited causing the airship to explode and burn at 3,000 ft.."""
"5,03/05/1915,01:00,""Tienen, Belgium"",Military - German Navy,,,Zeppelin L-8 (airship),,,41.0,21.0,0.0,Crashed into trees while attempting to land after being shot down by British and French aircraft."
"6,09/03/1915,15:20,""Off Cuxhaven, Germany"",Military - German Navy,,,Zeppelin L-10 (airship),,,19.0,19.0,0.0,""Exploded and burned near Neuwerk Island,  when hydrogen gas, being vented, was ignited by lightning."""
"7,07/28/1916,,""Near Jambol, Bulgeria"",Military - German Army,,,Schutte-Lanz S-L-10 (airship),,,20.0,20.0,0.0,""Crashed near the Black Sea, cause unknown."""
"8,09/24/1916,01:00,""Billericay, England"",Military - German Navy,,,Zeppelin L-32 (airship),,,22.0,22.0,0.0,Shot down by British aircraft crashing in flames."
"0,09/17/1908,17:18,""Fort Myer, Virginia"",Military - U.S. Army,,Demonstration,Wright Flyer III,,1,2.0,1.0,0.0,""During a demonstration flight, a U.S. Army flyer flown by Orville Wright nose-dived into the ground from a height of approximately 75 feet, killing Lt. Thomas E. Selfridge who was a passenger. This was the first recorded airplane fatality in history.  One of two propellers separated in flight, tearing loose the wires bracing the rudder and causing the loss of control of the aircraft.  Orville Wright suffered broken ribs, pelvis and a leg.  Selfridge suffered a crushed skull and died a short time later."""
"1,07/12/1912,06:30,""AtlantiCity, New Jersey"",Military - U.S. Navy,,Test flight,Dirigible,,,5.0,5.0,0.0,""First U.S. dirigible Akron exploded just offshore at an altitude of 1,000 ft. during a test flight."""
"2,08/06/1913,,""Victoria, British Columbia, Canada"",Private,-,,Curtiss seaplane,,,1.0,1.0,0.0,""The first fatal airplane accident in Canada occurred when American barnstormer, John M. Bryant, California aviator was killed."""
3,09/09/1913,18:30,Over the North Sea,Military - German Navy,,,Zeppelin L-1 (airship),,,20.0,14.0,0.0,The airship flew into a thunderstorm and encountered a severe downdraft crashing 20 miles north of Helgoland Island into the sea. The ship broke in two and the control car immediately sank drowning its occupants.
"4,10/17/1913,10:30,""Near Johannisthal, Germany"",Military - German Navy,,,Zeppelin L-2 (airship),,,30.0,30.0,0.0,""Hydrogen gas which was being vented was sucked into the forward engine and ignited causing the airship to explode and burn at 3,000 ft.."""
"5,03/05/1915,01:00,""Tienen, Belgium"",Military - German Navy,,,Zeppelin L-8 (airship),,,41.0,21.0,0.0,Crashed into trees while attempting to land after being shot down by British and French aircraft."
"6,09/03/1915,15:20,""Off Cuxhaven, Germany"",Military - German Navy,,,Zeppelin L-10 (airship),,,19.0,19.0,0.0,""Exploded and burned near Neuwerk Island,  when hydrogen gas, being vented, was ignited by lightning."""
"7,07/28/1916,,""Near Jambol, Bulgeria"",Military - German Army,,,Schutte-Lanz S-L-10 (airship),,,20.0,20.0,0.0,""Crashed near the Black Sea, cause unknown."""
"8,09/24/1916,01:00,""Billericay, England"",Military - German Navy,,,Zeppelin L-32 (airship),,,22.0,22.0,0.0,Shot down by British aircraft crashing in flames."
